{
	"headerList": [{
		"contractNo": "12345",
		"createdOn": "27-03-2019",
		"Price": "120 USD",
		"status": "XYZ",
		"itemsList": [{
			"itemNo": "10",
			"material": "12345",
			"qty": "10 EA",
			"price": "120 USD",
			"shipToParty": "123456",
			"incoTerm": "1234"
		}, {
			"itemNo": "20",
			"material": "12345",
			"qty": "10 EA",
			"price": "120 USD",
			"shipToParty": "123456",
			"incoTerm": "1234"
		}, {
			"itemNo": "30",
			"material": "12345",
			"qty": "10 EA",
			"price": "120 USD",
			"shipToParty": "123456",
			"incoTerm": "1234"
		}]
	}, {
		"contractNo": "6789",
		"createdOn": "27-03-2019",
		"Price": "120 USD",
		"status": "XYZ",
		"itemsList": [{
			"itemNo": "10",
			"material": "12345",
			"qty": "10 EA",
			"price": "120 USD",
			"shipToParty": "123456",
			"incoTerm": "1234"
		}, {
			"itemNo": "20",
			"material": "12345",
			"qty": "10 EA",
			"price": "120 USD",
			"shipToParty": "123456",
			"incoTerm": "1234"
		}, {
			"itemNo": "30",
			"material": "12345",
			"qty": "10 EA",
			"price": "120 USD",
			"shipToParty": "123456",
			"incoTerm": "1234"
		}]
	}, {
		"contractNo": "12345",
		"createdOn": "27-02-2019",
		"Price": "120 USD",
		"status": "XYZ",
		"itemsList": [{
			"itemNo": "10",
			"material": "12345",
			"qty": "10 EA",
			"price": "120 USD",
			"shipToParty": "123456",
			"incoTerm": "1234"
		}, {
			"itemNo": "20",
			"material": "12345",
			"qty": "10 EA",
			"price": "120 USD",
			"shipToParty": "123456",
			"incoTerm": "1234"
		}, {
			"itemNo": "30",
			"material": "12345",
			"qty": "10 EA",
			"price": "120 USD",
			"shipToParty": "123456",
			"incoTerm": "1234"
		}]
	}]
}